point,file,sigma_px,twoa_lo,twoa_mid,twoa_hi,d2a_dsigma_px,pct_per_px
1,I1_2.txt,8,1.73457,1.74102,1.74556,0.005498,0.3158
2,I2_2.txt,66,2.73265,2.73274,2.73283,0.000090,0.0033
3,I3_2.txt,8,3.79286,3.83216,3.86075,0.033949,0.8859
4,I4.csv,9,1.61737,1.62113,1.62386,0.003246,0.2002
5,I5.csv,8,2.68733,2.71052,2.72705,0.019860,0.7327
6,I6.csv,10,3.78908,3.81489,3.83479,0.022854,0.5991
7,I7.csv,8,2.26980,2.29107,2.30625,0.018224,0.7954
8,I8.csv,8,2.43233,2.45395,2.46920,0.018435,0.7512
9,I9.csv,8,2.88147,2.90929,2.92921,0.023875,0.8206
10,I10.csv,8,4.48058,4.59140,4.67778,0.098600,2.1475
11,I11.csv,53,2.42354,2.42366,2.42377,0.000112,0.0046
12,I12.csv,63,2.98158,2.98165,2.98172,0.000070,0.0023
13,I13.csv,38,4.14580,4.14662,4.14739,0.000795,0.0192
14,I14.csv,36,3.04749,3.04780,3.04810,0.000308,0.0101
15,I15.csv,59,3.14469,3.14479,3.14489,0.000099,0.0031
16,I16.csv,58,3.25619,3.25635,3.25651,0.000156,0.0048
17,I17.csv,8,2.64294,2.66479,2.68030,0.018683,0.7011
18,I18.csv,8,2.77885,2.80192,2.81831,0.019732,0.7042
19,I19.csv,8,2.37382,2.39440,2.40901,0.017597,0.7349
20,I20.csv,42,3.57891,3.59946,3.61967,0.020382,0.5663
21,I21.csv,8,2.14251,2.16281,2.17719,0.017339,0.8017
22,I22.csv,8,2.36110,2.38205,2.39698,0.017939,0.7531
23,I23.csv,8,2.50333,2.52588,2.54191,0.019291,0.7637
24,I24.csv,8,2.85505,2.88069,2.89905,0.022000,0.7637
25,I25.csv,8,3.03002,3.05885,3.07969,0.024831,0.8118
26,I26.csv,8,2.69588,2.71886,2.73533,0.019723,0.7254
27,I27.csv,8,2.73959,2.76330,2.78028,0.020345,0.7362
28,I28.csv,8,3.06018,3.08831,3.10849,0.024155,0.7821
29,I29.csv,8,1.58613,1.59147,1.59545,0.004664,0.2930
30,I30.csv,8,2.18781,2.20912,2.22472,0.018458,0.8355
31,I31.csv,31,3.59705,3.60582,3.61441,0.008681,0.2408
