point,file,sigma_op,eps,sigma_lo,sigma_hi,halfwidth_px,u_sigma_px,open_edge,criterion
1,I1_2.txt,8,0.000740,2.000,69.731,33.866,19.552,1,noise floor
2,I2_2.txt,66,0.001162,2.000,136.731,67.365,38.893,1,noise floor
3,I3_2.txt,8,0.001630,2.000,48.236,23.118,13.347,1,noise floor
4,I4.csv,9,0.000689,2.000,39.259,18.630,10.756,1,noise floor
5,I5.csv,8,0.001153,2.000,35.560,16.780,9.688,1,noise floor
6,I6.csv,10,0.001622,2.000,30.593,14.296,8.254,1,noise floor
7,I7.csv,8,0.000974,2.000,30.265,14.133,8.160,1,best + floor
8,I8.csv,8,0.001044,3.043,14.348,5.652,3.263,0,noise floor
9,I9.csv,8,0.001237,2.857,12.843,4.993,2.883,0,noise floor
10,I10.csv,8,0.001953,3.960,9.006,2.523,1.456,0,best + floor
11,I11.csv,53,0.001031,2.000,89.640,43.820,25.299,1,noise floor
12,I12.csv,63,0.001268,2.000,93.742,45.871,26.484,1,noise floor
13,I13.csv,38,0.001763,2.044,77.738,37.847,21.851,0,noise floor
14,I14.csv,36,0.001296,2.000,88.680,43.340,25.022,1,noise floor
15,I15.csv,59,0.001337,2.000,122.461,60.230,34.774,1,noise floor
16,I16.csv,58,0.001385,2.000,81.617,39.808,22.983,1,noise floor
17,I17.csv,8,0.001133,2.000,33.579,15.789,9.116,1,noise floor
18,I18.csv,8,0.001192,2.000,25.148,11.574,6.682,1,noise floor
19,I19.csv,8,0.001018,2.000,13.555,5.778,3.336,1,noise floor
20,I20.csv,42,0.001531,2.000,15.014,6.507,3.757,1,noise floor
21,I21.csv,8,0.000920,2.000,18.811,8.406,4.853,1,best + floor
22,I22.csv,8,0.001013,2.000,16.387,7.194,4.153,1,noise floor
23,I23.csv,8,0.001074,2.000,22.557,10.279,5.934,1,best + floor
24,I24.csv,8,0.001225,2.000,16.352,7.176,4.143,1,noise floor
25,I25.csv,8,0.001301,2.093,16.193,7.050,4.070,0,noise floor
26,I26.csv,8,0.001156,2.000,15.398,6.699,3.868,1,noise floor
27,I27.csv,8,0.001175,2.000,7.598,2.799,1.616,1,noise floor
28,I28.csv,8,0.001313,2.000,26.383,12.192,7.039,1,best + floor
29,I29.csv,8,0.000677,2.000,6.000,2.000,1.155,1,noise floor
30,I30.csv,8,0.000939,2.000,6.367,2.183,1.261,1,noise floor
31,I31.csv,31,0.001533,15.733,36.446,10.356,5.979,0,noise floor
