point,file,twoa_px,u_flat_pct,u_estim_pct,u_total_pct,u_total_px,U_k2_px,u_sigma_px,u_sigma_source
1,I1_2.txt,1.7410,6.175,1.500,6.354,0.1106,0.2212,19.552,measured
2,I2_2.txt,2.7327,0.127,1.500,1.505,0.0411,0.0823,38.682,measured
3,I3_2.txt,3.8322,11.356,1.500,11.454,0.4389,0.8779,12.818,measured
4,I4.csv,1.6211,2.154,1.500,2.625,0.0425,0.0851,10.756,measured
5,I5.csv,2.7105,6.948,1.500,7.108,0.1927,0.3853,9.483,measured
6,I6.csv,3.8149,4.631,1.500,4.868,0.1857,0.3714,7.730,measured
7,I7.csv,2.2911,6.423,1.500,6.596,0.1511,0.3022,8.075,measured
8,I8.csv,2.4539,2.452,1.500,2.874,0.0705,0.1411,3.263,measured
9,I9.csv,2.9093,2.353,1.500,2.791,0.0812,0.1624,2.868,measured
10,I10.csv,4.5914,2.737,1.500,3.121,0.1433,0.2866,1.274,measured
11,I11.csv,2.4237,0.116,1.500,1.505,0.0365,0.0729,25.177,measured
12,I12.csv,2.9817,0.062,1.500,1.501,0.0448,0.0895,26.200,measured
13,I13.csv,4.1466,0.407,1.500,1.554,0.0645,0.1289,21.244,measured
14,I14.csv,3.0478,0.250,1.500,1.521,0.0463,0.0927,24.720,measured
15,I15.csv,3.1448,0.108,1.500,1.504,0.0473,0.0946,34.444,measured
16,I16.csv,3.2564,0.108,1.500,1.504,0.0490,0.0979,22.621,measured
17,I17.csv,2.6648,6.257,1.500,6.434,0.1715,0.3429,8.924,measured
18,I18.csv,2.8019,4.543,1.500,4.784,0.1340,0.2681,6.451,measured
19,I19.csv,2.3944,2.368,1.500,2.803,0.0671,0.1342,3.222,measured
20,I20.csv,3.5995,1.866,1.500,2.394,0.0862,0.1723,3.295,measured
21,I21.csv,2.1628,3.853,1.500,4.135,0.0894,0.1788,4.806,measured
22,I22.csv,2.3820,3.045,1.500,3.394,0.0808,0.1617,4.043,measured
23,I23.csv,2.5259,4.416,1.500,4.664,0.1178,0.2356,5.782,measured
24,I24.csv,2.8807,2.970,1.500,3.327,0.0958,0.1917,3.889,measured
25,I25.csv,3.0589,3.078,1.500,3.424,0.1047,0.2095,3.791,measured
26,I26.csv,2.7189,2.655,1.500,3.049,0.0829,0.1658,3.660,measured
27,I27.csv,2.7633,1.028,1.500,1.818,0.0502,0.1005,1.396,measured
28,I28.csv,3.0883,5.260,1.500,5.469,0.1689,0.3378,6.725,measured
29,I29.csv,1.5915,0.338,1.500,1.538,0.0245,0.0489,1.155,measured
30,I30.csv,2.2091,1.003,1.500,1.804,0.0399,0.0797,1.200,measured
31,I31.csv,3.6058,1.440,1.500,2.079,0.0750,0.1499,5.979,measured
