point,file,sigma_px,a_1e_px,twoa_1e_px,fwhm_px,twoa_1e_mm,pitch_um,contrast,tail,crossing,twoa_x_px,twoa_y_px
1,I1_2.txt,8,0.8705,1.7410,1.3771,0.01175,6.7470,0.3101,0.00022,0,1.7460,1.7360
2,I2_2.txt,66,1.3664,2.7327,2.0604,0.01844,6.7470,0.3203,-0.00001,1,2.7701,2.6954
3,I3_2.txt,8,1.9161,3.8322,3.2021,0.02586,6.7470,0.1643,0.00060,0,3.8943,3.7700
4,I4.csv,9,0.8106,1.6211,1.2823,0.03566,22.0000,0.2385,0.00026,0,1.6381,1.6041
5,I5.csv,8,1.3553,2.7105,2.1300,0.05963,22.0000,0.2366,0.00024,0,3.1248,2.2962
6,I6.csv,10,1.9074,3.8149,3.1431,0.08393,22.0000,0.1472,0.00002,1,4.1748,3.4550
7,I7.csv,8,1.1455,2.2911,1.7151,0.05040,22.0000,0.2470,0.00111,0,2.3283,2.2539
8,I8.csv,8,1.2270,2.4539,1.8144,0.05399,22.0000,0.1825,0.00075,0,2.4722,2.4357
9,I9.csv,8,1.4546,2.9093,2.2409,0.06400,22.0000,0.1448,0.00025,0,2.9283,2.8903
10,I10.csv,8,2.2957,4.5914,3.6435,0.10101,22.0000,0.1177,0.00892,0,4.7271,4.4557
11,I11.csv,53,1.2118,2.4237,1.7989,0.05332,22.0000,0.2021,0.00001,1,2.5681,2.2792
12,I12.csv,63,1.4908,2.9817,2.3420,0.06560,22.0000,0.2676,0.00001,1,2.9501,3.0132
13,I13.csv,38,2.0733,4.1466,3.4259,0.09123,22.0000,0.2154,0.00006,0,4.2171,4.0762
14,I14.csv,36,1.5239,3.0478,2.4217,0.06705,22.0000,0.1977,0.00035,0,3.0389,3.0567
15,I15.csv,59,1.5724,3.1448,2.5296,0.06919,22.0000,0.2074,0.00001,1,3.1408,3.1488
16,I16.csv,58,1.6282,3.2564,2.6220,0.07164,22.0000,0.1734,0.00002,1,3.5088,3.0039
17,I17.csv,8,1.3324,2.6648,1.9900,0.05863,22.0000,0.1479,0.00077,0,2.6734,2.6562
18,I18.csv,8,1.4010,2.8019,2.1746,0.06164,22.0000,0.1385,0.00054,0,3.0930,2.5108
19,I19.csv,8,1.1972,2.3944,1.7819,0.05268,22.0000,0.1322,0.00081,0,2.4784,2.3104
20,I20.csv,42,1.7997,3.5995,2.6810,0.07919,22.0000,0.1148,0.00123,1,3.8330,3.3659
21,I21.csv,8,1.0814,2.1628,1.6504,0.04758,22.0000,0.1156,0.00134,0,2.1982,2.1274
22,I22.csv,8,1.1910,2.3820,1.7831,0.05241,22.0000,0.1137,0.00055,0,2.5538,2.2103
23,I23.csv,8,1.2629,2.5259,1.9168,0.05557,22.0000,0.0988,0.00141,0,2.8000,2.2517
24,I24.csv,8,1.4403,2.8807,2.2459,0.06338,22.0000,0.1129,0.00081,0,3.2930,2.4684
25,I25.csv,8,1.5294,3.0589,2.3838,0.06729,22.0000,0.0905,0.00063,0,2.7816,3.3362
26,I26.csv,8,1.3594,2.7189,2.0632,0.05981,22.0000,0.1076,0.00061,0,2.9081,2.5297
27,I27.csv,8,1.3816,2.7633,2.0974,0.06079,22.0000,0.0978,0.00122,0,2.9492,2.5774
28,I28.csv,8,1.5442,3.0883,2.4175,0.06794,22.0000,0.1066,0.00180,0,3.4762,2.7004
29,I29.csv,8,0.7957,1.5915,1.2588,0.03501,22.0000,0.0861,0.00086,0,1.6064,1.5765
30,I30.csv,8,1.1046,2.2091,1.6735,0.04860,22.0000,0.1149,0.00100,0,2.2623,2.1560
31,I31.csv,31,1.8029,3.6058,2.9129,0.07933,22.0000,0.0989,-0.00006,0,3.6385,3.5731
